Time (s),Speed (m/s)
0.0,0.0
0.02,0.042
0.04,0.084
0.06,0.126
0.08,0.168
0.1,0.21000000000000002
0.12,0.252
0.14,0.29400000000000004
0.16,0.336
0.18,0.378
0.2,0.42000000000000004
0.22,0.462
0.24,0.504
0.26,0.546
0.28,0.5880000000000001
0.3,0.63
0.32,0.672
0.34,0.7140000000000001
0.36,0.756
0.38,0.798
0.4,0.8400000000000001
0.42,0.882
0.44,0.924
0.46,0.9660000000000001
0.48,1.008
0.5,1.05
0.52,1.092
0.54,1.1340000000000001
0.56,1.1760000000000002
0.58,1.218
0.6,1.26
0.62,1.302
0.64,1.344
0.66,1.3860000000000001
0.68,1.4280000000000002
0.7000000000000001,1.4700000000000002
0.72,1.512
0.74,1.554
0.76,1.596
0.78,1.6380000000000001
0.8,1.6800000000000002
0.8200000000000001,1.7220000000000002
0.84,1.764
0.86,1.806
0.88,1.848
0.9,1.8900000000000001
0.92,1.9320000000000002
0.9400000000000001,1.9740000000000002
0.96,2.016
0.98,2.0580000000000003
1.0,2.1
1.02,2.1420000000000003
1.04,2.184
1.06,2.226
1.08,2.2680000000000002
1.1,2.31
1.12,2.3520000000000003
1.1400000000000001,2.394
1.16,2.436
1.18,2.478
1.2,2.52
1.22,2.5620000000000003
1.24,2.604
1.26,2.6460000000000004
1.28,2.688
1.3,2.73
1.32,2.7720000000000002
1.34,2.814
1.36,2.8560000000000003
1.3800000000000001,2.898
1.4000000000000001,2.9400000000000004
1.42,2.982
1.44,3.024
1.46,3.0660000000000003
1.48,3.108
1.5,3.1500000000000004
1.52,3.192
1.54,3.234
1.56,3.2760000000000002
1.58,3.318
1.6,3.3600000000000003
1.62,3.402
1.6400000000000001,3.4440000000000004
1.6600000000000001,3.486
1.68,3.528
1.7,3.5700000000000003
1.72,3.612
1.74,3.6540000000000004
1.76,3.696
1.78,3.7380000000000004
1.8,3.7800000000000002
1.82,3.822
1.84,3.8640000000000003
1.86,3.906
1.8800000000000001,3.9480000000000004
1.9000000000000001,3.99
1.92,4.032
1.94,4.074
1.96,4.1160000000000005
1.98,4.158
2.0,4.2
2.02,4.242
2.04,4.284000000000001
2.06,4.3260000000000005
2.08,4.368
2.1,4.41
2.12,4.452
2.14,4.494000000000001
2.16,4.5360000000000005
2.18,4.578
2.2,4.62
2.22,4.662
2.24,4.704000000000001
2.2600000000000002,4.746
2.2800000000000002,4.788
2.3000000000000003,4.83
2.32,4.872
2.34,4.914000000000001
2.36,4.956
2.38,4.998
2.4,5.04
2.42,5.082000000000001
2.44,5.1240000000000006
2.46,5.166
2.48,5.208
2.5,5.25
2.52,5.292000000000001
2.54,5.3340000000000005
2.56,5.376
2.58,5.418
2.6,5.46
2.62,5.502000000000001
2.64,5.5440000000000005
2.66,5.586
2.68,5.628
2.7,5.67
2.72,5.712000000000001
2.74,5.7540000000000004
2.7600000000000002,5.796
2.7800000000000002,5.838
2.8000000000000003,5.880000000000001
2.82,5.922000000000001
2.84,5.964
2.86,6.006
2.88,6.048
2.9,6.090000000000001
2.92,6.132000000000001
2.94,6.174
2.96,6.216
2.98,6.258
3.0,6.300000000000001
3.02,6.3420000000000005
3.04,6.384
3.06,6.426
3.08,6.468
3.1,6.510000000000001
3.12,6.5520000000000005
3.14,6.594
3.16,6.636
3.18,6.678000000000001
3.2,6.720000000000001
3.22,6.7620000000000005
3.24,6.804
3.2600000000000002,6.846
3.2800000000000002,6.888000000000001
3.3000000000000003,6.930000000000001
3.3200000000000003,6.972
3.34,7.014
3.36,7.056
3.38,7.098000000000001
3.4,7.140000000000001
3.42,7.182
3.44,7.224
3.46,7.266
3.48,7.308000000000001
3.5,7.3500000000000005
3.52,7.392
3.54,7.434
3.56,7.476000000000001
3.58,7.518000000000001
3.6,7.5600000000000005
3.62,7.602
3.64,7.644
3.66,7.686000000000001
3.68,7.728000000000001
3.7,7.7700000000000005
3.72,7.812
3.74,7.854
3.7600000000000002,7.896000000000001
3.7800000000000002,7.938000000000001
3.8000000000000003,7.98
3.8200000000000003,8.022
3.84,8.064
3.86,8.106
3.88,8.148
3.9,8.190000000000001
3.92,8.232000000000001
3.94,8.274000000000001
3.96,8.316
3.98,8.358
4.0,8.4
4.0200000000000005,8.442
4.04,8.484
4.0600000000000005,8.526
4.08,8.568000000000001
4.1,8.610000000000001
4.12,8.652000000000001
4.14,8.694
4.16,8.736
4.18,8.778
4.2,8.82
4.22,8.862
4.24,8.904
4.26,8.946
4.28,8.988000000000001
4.3,9.030000000000001
4.32,9.072000000000001
4.34,9.114
4.36,9.156
4.38,9.198
4.4,9.24
4.42,9.282
4.44,9.324
4.46,9.366000000000001
4.48,9.408000000000001
4.5,9.450000000000001
4.5200000000000005,9.492
4.54,9.534
4.5600000000000005,9.576
4.58,9.618
4.6000000000000005,9.66
4.62,9.702
4.64,9.744
4.66,9.786000000000001
4.68,9.828000000000001
4.7,9.870000000000001
4.72,9.912
4.74,9.954
4.76,9.996
4.78,10.038
4.8,10.08
4.82,10.122
4.84,10.164000000000001
4.86,10.206000000000001
4.88,10.248000000000001
4.9,10.290000000000001
4.92,10.332
4.94,10.374
4.96,10.416
4.98,10.458
5.0,10.5
5.0200000000000005,10.5
5.04,10.5
5.0600000000000005,10.5
5.08,10.5
5.1000000000000005,10.5
5.12,10.5
5.14,10.5
5.16,10.5
5.18,10.5
5.2,10.5
5.22,10.5
5.24,10.5
5.26,10.5
5.28,10.5
5.3,10.5
5.32,10.5
5.34,10.5
5.36,10.5
5.38,10.5
5.4,10.5
5.42,10.5
5.44,10.5
5.46,10.5
5.48,10.5
5.5,10.5
5.5200000000000005,10.5
5.54,10.5
5.5600000000000005,10.5
5.58,10.5
5.6000000000000005,10.5
5.62,10.5
5.64,10.5
5.66,10.5
5.68,10.5
5.7,10.5
5.72,10.5
5.74,10.5
5.76,10.5
5.78,10.5
5.8,10.5
5.82,10.5
5.84,10.5
5.86,10.5
5.88,10.5
5.9,10.5
5.92,10.5
5.94,10.5
5.96,10.5
5.98,10.5
6.0,10.5
6.0200000000000005,10.5
6.04,10.5
6.0600000000000005,10.5
6.08,10.5
6.1000000000000005,10.5
6.12,10.5
6.140000000000001,10.5
6.16,10.5
6.18,10.5
6.2,10.5
6.22,10.5
6.24,10.5
6.26,10.5
6.28,10.5
6.3,10.5
6.32,10.5
6.34,10.5
6.36,10.5
6.38,10.5
6.4,10.5
6.42,10.5
6.44,10.5
6.46,10.5
6.48,10.5
6.5,10.5
6.5200000000000005,10.5
6.54,10.5
6.5600000000000005,10.5
6.58,10.5
6.6000000000000005,10.5
6.62,10.5
6.640000000000001,10.5
6.66,10.5
6.68,10.5
6.7,10.5
6.72,10.5
6.74,10.5
6.76,10.5
6.78,10.5
6.8,10.5
6.82,10.5
6.84,10.5
6.86,10.5
6.88,10.5
6.9,10.5
6.92,10.5
6.94,10.5
6.96,10.5
6.98,10.5
7.0,10.5
7.0200000000000005,10.5
7.04,10.5
7.0600000000000005,10.5
7.08,10.5
7.1000000000000005,10.5
7.12,10.5
7.140000000000001,10.5
7.16,10.5
7.18,10.5
7.2,10.5
7.22,10.5
7.24,10.5
7.26,10.5
7.28,10.5
7.3,10.5
7.32,10.5
7.34,10.5
7.36,10.5
7.38,10.5
7.4,10.5
7.42,10.5
7.44,10.5
7.46,10.5
7.48,10.5
7.5,10.5
7.5200000000000005,10.5
7.54,10.5
7.5600000000000005,10.5
7.58,10.5
7.6000000000000005,10.5
7.62,10.5
7.640000000000001,10.5
7.66,10.5
7.68,10.5
7.7,10.5
7.72,10.5
7.74,10.5
7.76,10.5
7.78,10.5
7.8,10.5
7.82,10.5
7.84,10.5
7.86,10.5
7.88,10.5
7.9,10.5
7.92,10.5
7.94,10.5
7.96,10.5
7.98,10.5
8.0,10.5
8.02,10.5
8.040000000000001,10.5
8.06,10.5
8.08,10.5
8.1,10.5
8.120000000000001,10.5
8.14,10.5
8.16,10.5
8.18,10.5
8.2,10.5
8.22,10.5
8.24,10.5
8.26,10.5
8.28,10.5
8.3,10.5
8.32,10.5
8.34,10.5
8.36,10.5
8.38,10.5
8.4,10.5
8.42,10.5
8.44,10.5
8.46,10.5
8.48,10.5
8.5,10.5
8.52,10.5
8.540000000000001,10.5
8.56,10.5
8.58,10.5
8.6,10.5
8.620000000000001,10.5
8.64,10.5
8.66,10.5
8.68,10.5
8.700000000000001,10.5
8.72,10.5
8.74,10.5
8.76,10.5
8.78,10.5
8.8,10.5
8.82,10.5
8.84,10.5
8.86,10.5
8.88,10.5
8.9,10.5
8.92,10.5
8.94,10.5
8.96,10.5
8.98,10.5
9.0,10.5
9.02,10.5
9.040000000000001,10.5
9.06,10.5
9.08,10.5
9.1,10.5
9.120000000000001,10.5
9.14,10.5
9.16,10.5
9.18,10.5
9.200000000000001,10.5
9.22,10.5
9.24,10.5
9.26,10.5
9.28,10.5
9.3,10.5
9.32,10.5
9.34,10.5
9.36,10.5
9.38,10.5
9.4,10.5
9.42,10.5
9.44,10.5
9.46,10.5
9.48,10.5
9.5,10.5
9.52,10.5
9.540000000000001,10.5
9.56,10.5
9.58,10.5
9.6,10.5
9.620000000000001,10.5
9.64,10.5
9.66,10.5
9.68,10.5
9.700000000000001,10.5
9.72,10.5
9.74,10.5
9.76,10.5
9.78,10.5
9.8,10.5
9.82,10.5
9.84,10.5
9.86,10.5
9.88,10.5
9.9,10.5
9.92,10.5
9.94,10.5
9.96,10.5
9.98,10.5
10.0,10.5
10.02,10.5
10.040000000000001,10.457831325301205
10.06,10.41566265060241
10.08,10.373493975903614
10.1,10.331325301204819
10.120000000000001,10.289156626506024
10.14,10.24698795180723
10.16,10.204819277108435
10.18,10.162650602409638
10.200000000000001,10.120481927710843
10.22,10.078313253012048
10.24,10.036144578313253
10.26,9.993975903614459
10.28,9.951807228915662
10.3,9.909638554216867
10.32,9.867469879518072
10.34,9.825301204819278
10.36,9.783132530120483
10.38,9.740963855421686
10.4,9.698795180722891
10.42,9.656626506024097
10.44,9.614457831325302
10.46,9.572289156626507
10.48,9.53012048192771
10.5,9.487951807228916
10.52,9.44578313253012
10.540000000000001,9.403614457831326
10.56,9.361445783132531
10.58,9.319277108433734
10.6,9.27710843373494
10.620000000000001,9.234939759036145
10.64,9.19277108433735
10.66,9.150602409638555
10.68,9.108433734939759
10.700000000000001,9.066265060240964
10.72,9.024096385542169
10.74,8.981927710843374
10.76,8.93975903614458
10.78,8.897590361445783
10.8,8.855421686746988
10.82,8.813253012048193
10.84,8.771084337349398
10.86,8.728915662650603
10.88,8.686746987951807
10.9,8.644578313253012
10.92,8.602409638554217
10.94,8.560240963855422
10.96,8.518072289156628
10.98,8.475903614457831
11.0,8.433734939759036
11.02,8.391566265060241
11.040000000000001,8.349397590361447
11.06,8.307228915662652
11.08,8.265060240963855
11.1,8.22289156626506
11.120000000000001,8.180722891566266
11.14,8.138554216867469
11.16,8.096385542168676
11.18,8.05421686746988
11.200000000000001,8.012048192771084
11.22,7.96987951807229
11.24,7.927710843373494
11.26,7.885542168674699
11.28,7.843373493975903
11.3,7.801204819277109
11.32,7.759036144578314
11.34,7.716867469879518
11.36,7.674698795180723
11.38,7.632530120481928
11.4,7.590361445783133
11.42,7.548192771084338
11.44,7.506024096385542
11.46,7.463855421686747
11.48,7.421686746987952
11.5,7.379518072289157
11.52,7.337349397590362
11.540000000000001,7.295180722891566
11.56,7.253012048192771
11.58,7.210843373493976
11.6,7.168674698795181
11.620000000000001,7.126506024096386
11.64,7.0843373493975905
11.66,7.042168674698795
11.68,7.0
11.700000000000001,6.957831325301205
11.72,6.91566265060241
11.74,6.873493975903615
11.76,6.831325301204819
11.78,6.789156626506024
11.8,6.746987951807229
11.82,6.7048192771084345
11.84,6.662650602409639
11.86,6.620481927710843
11.88,6.578313253012048
11.9,6.5361445783132535
11.92,6.493975903614458
11.94,6.451807228915663
11.96,6.409638554216868
11.98,6.367469879518072
12.0,6.325301204819278
12.02,6.283132530120482
12.040000000000001,6.240963855421687
12.06,6.198795180722892
12.08,6.156626506024097
12.1,6.114457831325302
12.120000000000001,6.072289156626506
12.14,6.030120481927711
12.16,5.987951807228916
12.18,5.945783132530121
12.200000000000001,5.903614457831326
12.22,5.86144578313253
12.24,5.819277108433735
12.26,5.77710843373494
12.280000000000001,5.734939759036145
12.3,5.69277108433735
12.32,5.650602409638554
12.34,5.6084337349397595
12.36,5.566265060240964
12.38,5.524096385542169
12.4,5.481927710843374
12.42,5.4397590361445785
12.44,5.397590361445784
12.46,5.355421686746988
12.48,5.313253012048193
12.5,5.271084337349398
12.52,5.228915662650603
12.540000000000001,5.186746987951808
12.56,5.144578313253012
12.58,5.102409638554217
12.6,5.060240963855422
12.620000000000001,5.018072289156627
12.64,4.975903614457832
12.66,4.933734939759036
12.68,4.891566265060241
12.700000000000001,4.849397590361447
12.72,4.807228915662651
12.74,4.765060240963856
12.76,4.72289156626506
12.780000000000001,4.6807228915662655
12.8,4.638554216867471
12.82,4.596385542168675
12.84,4.55421686746988
12.86,4.5120481927710845
12.88,4.46987951807229
12.9,4.427710843373495
12.92,4.385542168674699
12.94,4.343373493975904
12.96,4.301204819277109
12.98,4.259036144578314
13.0,4.216867469879518
13.02,4.174698795180723
13.040000000000001,4.1325301204819285
13.06,4.090361445783133
13.08,4.048192771084338
13.1,4.006024096385542
13.120000000000001,3.9638554216867474
13.14,3.9216867469879526
13.16,3.879518072289157
13.18,3.837349397590362
13.200000000000001,3.7951807228915664
13.22,3.7530120481927716
13.24,3.7108433734939767
13.26,3.668674698795181
13.280000000000001,3.6265060240963862
13.3,3.5843373493975905
13.32,3.5421686746987957
13.34,3.500000000000001
13.36,3.457831325301205
13.38,3.4156626506024104
13.4,3.3734939759036147
13.42,3.33132530120482
13.44,3.289156626506025
13.46,3.2469879518072293
13.48,3.2048192771084345
13.5,3.162650602409639
13.52,3.120481927710844
13.540000000000001,3.0783132530120483
13.56,3.0361445783132535
13.58,2.9939759036144586
13.6,2.951807228915663
13.620000000000001,2.909638554216868
13.64,2.8674698795180724
13.66,2.8253012048192776
13.68,2.783132530120483
13.700000000000001,2.740963855421687
13.72,2.6987951807228923
13.74,2.6566265060240966
13.76,2.6144578313253017
13.780000000000001,2.572289156626507
13.8,2.530120481927711
13.82,2.4879518072289155
13.84,2.4457831325301207
13.86,2.403614457831326
13.88,2.361445783132531
13.9,2.3192771084337362
13.92,2.2771084337349397
13.94,2.234939759036145
13.96,2.19277108433735
13.98,2.150602409638555
14.0,2.1084337349397604
14.02,2.066265060240964
14.040000000000001,2.024096385542169
14.06,1.9819277108433742
14.08,1.9397590361445793
14.1,1.8975903614457845
14.120000000000001,1.855421686746988
14.14,1.8132530120481931
14.16,1.7710843373493983
14.18,1.7289156626506035
14.200000000000001,1.6867469879518087
14.22,1.644578313253012
14.24,1.6024096385542173
14.26,1.5602409638554224
14.280000000000001,1.5180722891566276
14.3,1.4759036144578328
14.32,1.4337349397590362
14.34,1.3915662650602414
14.36,1.3493975903614466
14.38,1.3072289156626518
14.4,1.265060240963857
14.42,1.2228915662650603
14.44,1.1807228915662655
14.46,1.1385542168674707
14.48,1.096385542168676
14.5,1.0542168674698793
14.52,1.0120481927710845
14.540000000000001,0.9698795180722897
14.56,0.9277108433734949
14.58,0.8855421686747
14.6,0.8433734939759034
14.620000000000001,0.8012048192771086
14.64,0.7590361445783138
14.66,0.716867469879519
14.68,0.6746987951807242
14.700000000000001,0.6325301204819276
14.72,0.5903614457831328
14.74,0.548192771084338
14.76,0.5060240963855431
14.780000000000001,0.4638554216867483
14.8,0.4216867469879517
14.82,0.3795180722891569
14.84,0.3373493975903621
14.86,0.29518072289156727
14.88,0.25301204819277245
14.9,0.21084337349397586
14.92,0.16867469879518104
14.94,0.12650602409638623
14.96,0.08433734939759141
14.98,0.04216867469879659
15.0,0.0
15.02,0.0
15.040000000000001,0.0
15.06,0.0
15.08,0.0
15.1,0.0
15.120000000000001,0.0
15.14,0.0
15.16,0.0
15.18,0.0
15.200000000000001,0.0
15.22,0.0
15.24,0.0
15.26,0.0
15.280000000000001,0.0
15.3,0.0
15.32,0.0
15.34,0.0
15.36,0.0
15.38,0.0
15.4,0.0
15.42,0.0
15.44,0.0
15.46,0.0
15.48,0.0
15.5,0.0
15.52,0.0
15.540000000000001,0.0
15.56,0.0
15.58,0.0
15.6,0.0
15.620000000000001,0.0
15.64,0.0
15.66,0.0
15.68,0.0
15.700000000000001,0.0
15.72,0.0
15.74,0.0
15.76,0.0
15.780000000000001,0.0
15.8,0.0
15.82,0.0
15.84,0.0
15.860000000000001,0.0
15.88,0.0
15.9,0.0
15.92,0.0
15.94,0.0
15.96,0.0
15.98,0.0
16.0,0.0
16.02,0.0
16.04,0.0
16.06,0.0
16.080000000000002,0.0
16.1,0.0
16.12,0.0
16.14,0.0
16.16,0.0
16.18,0.0
16.2,0.0
16.22,0.0
16.240000000000002,0.0
16.26,0.0
16.28,0.0
16.3,0.0
16.32,0.0
16.34,0.0
16.36,0.0
16.38,0.0
16.4,0.0
16.42,0.0
16.44,0.0
16.46,0.0
16.48,0.0
16.5,0.0
16.52,0.0
16.54,0.0
16.56,0.0
16.580000000000002,0.0
16.6,0.0
16.62,0.0
16.64,0.0
16.66,0.0
16.68,0.0
16.7,0.0
16.72,0.0
16.740000000000002,0.0
16.76,0.0
16.78,0.0
16.8,0.0
16.82,0.0
16.84,0.0
16.86,0.0
16.88,0.0
16.9,0.0
16.92,0.0
16.94,0.0
16.96,0.0
16.98,0.0
17.0,0.0
17.02,0.0
17.04,0.0
17.06,0.0
17.080000000000002,0.0
17.1,0.0
17.12,0.0
17.14,0.0
17.16,0.0
17.18,0.0
17.2,0.0
17.22,0.0
17.240000000000002,0.0
17.26,0.0
17.28,0.0
17.3,0.0
17.32,0.0
17.34,0.0
17.36,0.0
17.38,0.0
17.400000000000002,0.0
17.42,0.0
17.44,0.0
17.46,0.0
17.48,0.0
17.5,0.0
17.52,0.0
17.54,0.0
17.56,0.0
17.580000000000002,0.0
17.6,0.0
17.62,0.0
17.64,0.0
17.66,0.0
17.68,0.0
17.7,0.0
17.72,0.0
17.740000000000002,0.0
17.76,0.0
17.78,0.0
17.8,0.0
17.82,0.0
17.84,0.0
17.86,0.0
17.88,0.0
17.900000000000002,0.0
17.92,0.0
17.94,0.0
17.96,0.0
17.98,0.0
18.0,0.0
18.02,0.0
18.04,0.0
18.06,0.0
18.080000000000002,0.0
18.1,0.0
18.12,0.0
18.14,0.0
18.16,0.0
18.18,0.0
18.2,0.0
18.22,0.0
18.240000000000002,0.0
18.26,0.0
18.28,0.0
18.3,0.0
18.32,0.0
18.34,0.0
18.36,0.0
18.38,0.0
18.400000000000002,0.0
18.42,0.0
18.44,0.0
18.46,0.0
18.48,0.0
18.5,0.0
18.52,0.0
18.54,0.0
18.56,0.0
18.580000000000002,0.0
18.6,0.0
18.62,0.0
18.64,0.0
18.66,0.0
18.68,0.0
18.7,0.0
18.72,0.0
18.740000000000002,0.0
18.76,0.0
18.78,0.0
18.8,0.0
18.82,0.0
18.84,0.0
18.86,0.0
18.88,0.0
18.900000000000002,0.0
18.92,0.0
18.94,0.0
18.96,0.0
18.98,0.0
19.0,0.0
19.02,0.0
19.04,0.0
19.06,0.0
19.080000000000002,0.0
19.1,0.0
19.12,0.0
19.14,0.0
19.16,0.0
19.18,0.0
19.2,0.0
19.22,0.0
19.240000000000002,0.0
19.26,0.0
19.28,0.0
19.3,0.0
19.32,0.0
19.34,0.0
19.36,0.0
19.38,0.0
19.400000000000002,0.0
19.42,0.0
19.44,0.0
19.46,0.0
19.48,0.0
19.5,0.0
19.52,0.0
19.54,0.0
19.56,0.0
19.580000000000002,0.0
19.6,0.0
19.62,0.0
19.64,0.0
19.66,0.0
19.68,0.0
19.7,0.0
19.72,0.0
19.740000000000002,0.0
19.76,0.0
19.78,0.0
19.8,0.0
19.82,0.0
19.84,0.0
19.86,0.0
19.88,0.0
19.900000000000002,0.0
19.92,0.0
19.94,0.0
19.96,0.0
19.98,0.0
20.0,0.0
20.02,0.0
20.04,0.0
20.06,0.0
20.080000000000002,0.0
20.1,0.0
20.12,0.0
20.14,0.0
20.16,0.0
20.18,0.0
20.2,0.0
20.22,0.0
20.240000000000002,0.0
20.26,0.0
20.28,0.0
20.3,0.0
20.32,0.0
20.34,0.0
20.36,0.0
20.38,0.0
20.400000000000002,0.0
20.42,0.0
20.44,0.0
20.46,0.0
20.48,0.0
20.5,0.0
20.52,0.0
20.54,0.0
20.56,0.0
20.580000000000002,0.0
20.6,0.0
20.62,0.0
20.64,0.0
20.66,0.0
20.68,0.0
20.7,0.0
20.72,0.0
20.740000000000002,0.0
20.76,0.0
20.78,0.0
20.8,0.0
20.82,0.0
20.84,0.0
20.86,0.0
20.88,0.0
20.900000000000002,0.0
20.92,0.0
20.94,0.0
20.96,0.0
20.98,0.0
21.0,0.0
21.02,0.0
21.04,0.0
21.06,0.0
21.080000000000002,0.0
21.1,0.0
21.12,0.0
21.14,0.0
21.16,0.0
21.18,0.0
21.2,0.0
21.22,0.0
21.240000000000002,0.0
21.26,0.0
21.28,0.0
21.3,0.0
21.32,0.0
21.34,0.0
21.36,0.0
21.38,0.0
21.400000000000002,0.0
21.42,0.0
21.44,0.0
21.46,0.0
21.48,0.0
21.5,0.0
21.52,0.0
21.54,0.0
21.56,0.0
21.580000000000002,0.0
21.6,0.0
21.62,0.0
21.64,0.0
21.66,0.0
21.68,0.0
21.7,0.0
21.72,0.0
21.740000000000002,0.0
21.76,0.0
21.78,0.0
21.8,0.0
21.82,0.0
21.84,0.0
21.86,0.0
21.88,0.0
21.900000000000002,0.0
21.92,0.0
21.94,0.0
21.96,0.0
21.98,0.0
22.0,0.0
22.02,0.0
22.04,0.0
22.06,0.0
22.080000000000002,0.0
22.1,0.0
22.12,0.0
22.14,0.0
22.16,0.0
22.18,0.0
22.2,0.0
22.22,0.0
22.240000000000002,0.0
22.26,0.0
22.28,0.0
22.3,0.0
22.32,0.0
22.34,0.0
22.36,0.0
22.38,0.0
22.400000000000002,0.0
22.42,0.0
22.44,0.0
22.46,0.0
22.48,0.0
22.5,0.0
22.52,0.0
22.54,0.0
22.56,0.0
22.580000000000002,0.0
22.6,0.0
22.62,0.0
22.64,0.0
22.66,0.0
22.68,0.0
22.7,0.0
22.72,0.0
22.740000000000002,0.0
22.76,0.0
22.78,0.0
22.8,0.0
22.82,0.0
22.84,0.0
22.86,0.0
22.88,0.0
22.900000000000002,0.0
22.92,0.0
22.94,0.0
22.96,0.0
22.98,0.0
23.0,0.0
23.02,0.0
23.04,0.0
23.06,0.0
23.080000000000002,0.0
23.1,0.0
23.12,0.0
23.14,0.0
23.16,0.0
23.18,0.0
23.2,0.0
23.22,0.0
23.240000000000002,0.0
23.26,0.0
23.28,0.0
23.3,0.0
23.32,0.0
23.34,0.0
23.36,0.0
23.38,0.0
23.400000000000002,0.0
23.42,0.0
23.44,0.0
23.46,0.0
23.48,0.0
23.5,0.0
23.52,0.0
23.54,0.0
23.56,0.0
23.580000000000002,0.0
23.6,0.0
23.62,0.0
23.64,0.0
23.66,0.0
23.68,0.0
23.7,0.0
23.72,0.0
23.740000000000002,0.0
23.76,0.0
23.78,0.0
23.8,0.0
23.82,0.0
23.84,0.0
23.86,0.0
23.88,0.0
23.900000000000002,0.0
23.92,0.0
23.94,0.0
23.96,0.0
23.98,0.0
24.0,0.0
24.02,0.0
24.04,0.0
24.060000000000002,0.0
24.080000000000002,0.0
24.1,0.0
24.12,0.0
24.14,0.0
24.16,0.0
24.18,0.0
24.2,0.0
24.22,0.0
24.240000000000002,0.0
24.26,0.0
24.28,0.0
24.3,0.0
24.32,0.0
24.34,0.0
24.36,0.0
24.38,0.0
24.400000000000002,0.0
24.42,0.0
24.44,0.0
24.46,0.0
24.48,0.0
24.5,0.0
24.52,0.0
24.54,0.0
24.560000000000002,0.0
24.580000000000002,0.0
24.6,0.0
24.62,0.0
24.64,0.0
24.66,0.0
24.68,0.0
24.7,0.0
24.72,0.0
24.740000000000002,0.0
24.76,0.0
24.78,0.0
24.8,0.0
24.82,0.0
24.84,0.0
24.86,0.0
24.88,0.0
24.900000000000002,0.0
24.92,0.0
24.94,0.0
24.96,0.0
24.98,0.0
25.0,0.0
25.02,0.0
25.04,0.0
25.060000000000002,0.0
25.080000000000002,0.0
25.1,0.0
25.12,0.0
25.14,0.0
25.16,0.0
25.18,0.0
25.2,0.0
25.22,0.0
25.240000000000002,0.0
25.26,0.0
25.28,0.0
25.3,0.0
25.32,0.0
25.34,0.0
25.36,0.0
25.38,0.0
25.400000000000002,0.0
25.42,0.0
25.44,0.0
25.46,0.0
25.48,0.0
25.5,0.0
25.52,0.0
25.54,0.0
25.560000000000002,0.0
25.580000000000002,0.0
25.6,0.0
25.62,0.0
25.64,0.0
25.66,0.0
25.68,0.0
25.7,0.0
25.72,0.0
25.740000000000002,0.0
25.76,0.0
25.78,0.0
25.8,0.0
25.82,0.0
25.84,0.0
25.86,0.0
25.88,0.0
25.900000000000002,0.0
25.92,0.0
25.94,0.0
25.96,0.0
25.98,0.0
26.0,0.0
26.02,0.0
26.04,0.0
26.060000000000002,0.0
26.080000000000002,0.0
26.1,0.0
26.12,0.0
26.14,0.0
26.16,0.0
26.18,0.0
26.2,0.0
26.22,0.0
26.240000000000002,0.0
26.26,0.0
26.28,0.0
26.3,0.0
26.32,0.0
26.34,0.0
26.36,0.0
26.38,0.0
26.400000000000002,0.0
26.42,0.0
26.44,0.0
26.46,0.0
26.48,0.0
26.5,0.0
26.52,0.0
26.54,0.0
26.560000000000002,0.0
26.580000000000002,0.0
26.6,0.0
26.62,0.0
26.64,0.0
26.66,0.0
26.68,0.0
26.7,0.0
26.72,0.0
26.740000000000002,0.0
26.76,0.0
26.78,0.0
26.8,0.0
26.82,0.0
26.84,0.0
26.86,0.0
26.88,0.0
26.900000000000002,0.0
26.92,0.0
26.94,0.0
26.96,0.0
26.98,0.0
27.0,0.0
27.02,0.0
27.04,0.0
27.060000000000002,0.0
27.080000000000002,0.0
27.1,0.0
27.12,0.0
27.14,0.0
27.16,0.0
27.18,0.0
27.2,0.0
27.22,0.0
27.240000000000002,0.0
27.26,0.0
27.28,0.0
27.3,0.0
27.32,0.0
27.34,0.0
27.36,0.0
27.38,0.0
27.400000000000002,0.0
27.42,0.0
27.44,0.0
27.46,0.0
27.48,0.0
27.5,0.0
27.52,0.0
27.54,0.0
27.560000000000002,0.0
27.580000000000002,0.0
27.6,0.0
27.62,0.0
27.64,0.0
27.66,0.0
27.68,0.0
27.7,0.0
27.72,0.0
27.740000000000002,0.0
27.76,0.0
27.78,0.0
27.8,0.0
27.82,0.0
27.84,0.0
27.86,0.0
27.88,0.0
27.900000000000002,0.0
27.92,0.0
27.94,0.0
27.96,0.0
27.98,0.0
28.0,0.0
28.02,0.0
28.04,0.0
28.060000000000002,0.0
28.080000000000002,0.0
28.1,0.0
28.12,0.0
28.14,0.0
28.16,0.0
28.18,0.0
28.2,0.0
28.22,0.0
28.240000000000002,0.0
28.26,0.0
28.28,0.0
28.3,0.0
28.32,0.0
28.34,0.0
28.36,0.0
28.38,0.0
28.400000000000002,0.0
28.42,0.0
28.44,0.0
28.46,0.0
28.48,0.0
28.5,0.0
28.52,0.0
28.54,0.0
28.560000000000002,0.0
28.580000000000002,0.0
28.6,0.0
28.62,0.0
28.64,0.0
28.66,0.0
28.68,0.0
28.7,0.0
28.72,0.0
28.740000000000002,0.0
28.76,0.0
28.78,0.0
28.8,0.0
28.82,0.0
28.84,0.0
28.86,0.0
28.88,0.0
28.900000000000002,0.0
28.92,0.0
28.94,0.0
28.96,0.0
28.98,0.0
29.0,0.0
29.02,0.0
29.04,0.0
29.060000000000002,0.0
29.080000000000002,0.0
29.1,0.0
29.12,0.0
29.14,0.0
29.16,0.0
29.18,0.0
29.2,0.0
29.22,0.0
29.240000000000002,0.0
29.26,0.0
29.28,0.0
29.3,0.0
29.32,0.0
29.34,0.0
29.36,0.0
29.38,0.0
29.400000000000002,0.0
29.42,0.0
29.44,0.0
29.46,0.0
29.48,0.0
29.5,0.0
29.52,0.0
29.54,0.0
29.560000000000002,0.0
29.580000000000002,0.0
29.6,0.0
29.62,0.0
29.64,0.0
29.66,0.0
29.68,0.0
29.7,0.0
29.72,0.0
29.740000000000002,0.0
29.76,0.0
29.78,0.0
29.8,0.0
29.82,0.0
29.84,0.0
29.86,0.0
29.88,0.0
29.900000000000002,0.0
29.92,0.0
29.94,0.0
29.96,0.0
29.98,0.0
30.0,0.0
30.02,0.0
30.04,0.025025025025025027
30.060000000000002,0.05005005005005005
30.080000000000002,0.07507507507507508
30.1,0.1001001001001001
30.12,0.12512512512512514
30.14,0.15015015015015015
30.16,0.1751751751751752
30.18,0.2002002002002002
30.2,0.22522522522522523
30.22,0.2502502502502503
30.240000000000002,0.2752752752752753
30.26,0.3003003003003003
30.28,0.3253253253253253
30.3,0.3503503503503504
30.32,0.3753753753753754
30.34,0.4004004004004004
30.36,0.42542542542542544
30.38,0.45045045045045046
30.400000000000002,0.47547547547547553
30.42,0.5005005005005005
30.44,0.5255255255255256
30.46,0.5505505505505506
30.48,0.5755755755755756
30.5,0.6006006006006006
30.52,0.6256256256256256
30.54,0.6506506506506506
30.560000000000002,0.6756756756756758
30.580000000000002,0.7007007007007008
30.6,0.7257257257257258
30.62,0.7507507507507508
30.64,0.7757757757757758
30.66,0.8008008008008008
30.68,0.8258258258258259
30.7,0.8508508508508509
30.72,0.8758758758758759
30.740000000000002,0.9009009009009009
30.76,0.9259259259259259
30.78,0.9509509509509511
30.8,0.9759759759759761
30.82,1.001001001001001
30.84,1.026026026026026
30.86,1.0510510510510511
30.88,1.0760760760760761
30.900000000000002,1.1011011011011012
30.92,1.1261261261261262
30.94,1.1511511511511512
30.96,1.1761761761761762
30.98,1.2012012012012012
31.0,1.2262262262262262
31.02,1.2512512512512513
31.04,1.2762762762762763
31.060000000000002,1.3013013013013013
31.080000000000002,1.3263263263263263
31.1,1.3513513513513515
31.12,1.3763763763763766
31.14,1.4014014014014016
31.16,1.4264264264264266
31.18,1.4514514514514516
31.2,1.4764764764764766
31.220000000000002,1.5015015015015016
31.240000000000002,1.5265265265265267
31.26,1.5515515515515517
31.28,1.5765765765765767
31.3,1.6016016016016017
31.32,1.6266266266266267
31.34,1.6516516516516517
31.36,1.6766766766766767
31.38,1.7017017017017018
31.400000000000002,1.7267267267267268
31.42,1.7517517517517518
31.44,1.7767767767767768
31.46,1.8018018018018018
31.48,1.8268268268268268
31.5,1.8518518518518519
31.52,1.876876876876877
31.54,1.9019019019019021
31.560000000000002,1.9269269269269271
31.580000000000002,1.9519519519519521
31.6,1.9769769769769772
31.62,2.002002002002002
31.64,2.027027027027027
31.66,2.052052052052052
31.68,2.0770770770770772
31.7,2.1021021021021022
31.720000000000002,2.1271271271271273
31.740000000000002,2.1521521521521523
31.76,2.1771771771771773
31.78,2.2022022022022023
31.8,2.2272272272272273
31.82,2.2522522522522523
31.84,2.2772772772772774
31.86,2.3023023023023024
31.88,2.3273273273273274
31.900000000000002,2.3523523523523524
31.92,2.3773773773773774
31.94,2.4024024024024024
31.96,2.4274274274274275
31.98,2.4524524524524525
32.0,2.4774774774774775
32.02,2.5025025025025025
32.04,2.5275275275275275
32.06,2.5525525525525525
32.08,2.5775775775775776
32.1,2.6026026026026026
32.12,2.6276276276276276
32.14,2.6526526526526526
32.160000000000004,2.677677677677678
32.18,2.702702702702703
32.2,2.727727727727728
32.22,2.752752752752753
32.24,2.777777777777778
32.26,2.802802802802803
32.28,2.827827827827828
32.3,2.852852852852853
32.32,2.877877877877878
32.34,2.902902902902903
32.36,2.927927927927928
32.38,2.9529529529529532
32.4,2.9779779779779783
32.42,3.0030030030030033
32.44,3.0280280280280283
32.46,3.0530530530530533
32.480000000000004,3.0780780780780783
32.5,3.1031031031031033
32.52,3.1281281281281283
32.54,3.1531531531531534
32.56,3.1781781781781784
32.58,3.2032032032032034
32.6,3.2282282282282284
32.62,3.2532532532532534
32.64,3.2782782782782784
32.660000000000004,3.3033033033033035
32.68,3.3283283283283285
32.7,3.3533533533533535
32.72,3.3783783783783785
32.74,3.4034034034034035
32.76,3.4284284284284285
32.78,3.4534534534534536
32.8,3.4784784784784786
32.82,3.5035035035035036
32.84,3.5285285285285286
32.86,3.5535535535535536
32.88,3.5785785785785786
32.9,3.6036036036036037
32.92,3.6286286286286287
32.94,3.6536536536536537
32.96,3.6786786786786787
32.980000000000004,3.7037037037037037
33.0,3.7287287287287287
33.02,3.753753753753754
33.04,3.778778778778779
33.06,3.8038038038038042
33.08,3.8288288288288292
33.1,3.8538538538538543
33.12,3.8788788788788793
33.14,3.9039039039039043
33.160000000000004,3.9289289289289293
33.18,3.9539539539539543
33.2,3.9789789789789793
33.22,4.004004004004004
33.24,4.029029029029029
33.26,4.054054054054054
33.28,4.079079079079079
33.3,4.104104104104104
33.32,4.129129129129129
33.34,4.1541541541541545
33.36,4.1791791791791795
33.38,4.2042042042042045
33.4,4.2292292292292295
33.42,4.2542542542542545
33.44,4.2792792792792795
33.46,4.3043043043043046
33.480000000000004,4.32932932932933
33.5,4.354354354354355
33.52,4.37937937937938
33.54,4.404404404404405
33.56,4.42942942942943
33.58,4.454454454454455
33.6,4.47947947947948
33.62,4.504504504504505
33.64,4.52952952952953
33.660000000000004,4.554554554554555
33.68,4.57957957957958
33.7,4.604604604604605
33.72,4.62962962962963
33.74,4.654654654654655
33.76,4.67967967967968
33.78,4.704704704704705
33.8,4.72972972972973
33.82,4.754754754754755
33.84,4.77977977977978
33.86,4.804804804804805
33.88,4.82982982982983
33.9,4.854854854854855
33.92,4.87987987987988
33.94,4.904904904904905
33.96,4.92992992992993
33.980000000000004,4.954954954954955
34.0,4.97997997997998
34.02,5.005005005005005
34.04,5.03003003003003
34.06,5.055055055055055
34.08,5.08008008008008
34.1,5.105105105105105
34.12,5.13013013013013
34.14,5.155155155155155
34.160000000000004,5.18018018018018
34.18,5.205205205205205
34.2,5.23023023023023
34.22,5.255255255255255
34.24,5.28028028028028
34.26,5.305305305305305
34.28,5.33033033033033
34.300000000000004,5.355355355355356
34.32,5.380380380380381
34.34,5.405405405405406
34.36,5.430430430430431
34.38,5.455455455455456
34.4,5.480480480480481
34.42,5.505505505505506
34.44,5.530530530530531
34.46,5.555555555555556
34.480000000000004,5.580580580580581
34.5,5.605605605605606
34.52,5.630630630630631
34.54,5.655655655655656
34.56,5.680680680680681
34.58,5.705705705705706
34.6,5.730730730730731
34.62,5.755755755755756
34.64,5.780780780780781
34.660000000000004,5.805805805805806
34.68,5.830830830830831
34.7,5.855855855855856
34.72,5.8808808808808815
34.74,5.9059059059059065
34.76,5.9309309309309315
34.78,5.9559559559559565
34.800000000000004,5.9809809809809815
34.82,6.0060060060060065
34.84,6.0310310310310316
34.86,6.056056056056057
34.88,6.081081081081082
34.9,6.106106106106107
34.92,6.131131131131132
34.94,6.156156156156157
34.96,6.181181181181182
34.980000000000004,6.206206206206207
35.0,6.231231231231232
35.02,6.256256256256257
35.04,6.281281281281282
35.06,6.306306306306307
35.08,6.331331331331332
35.1,6.356356356356357
35.12,6.381381381381382
35.14,6.406406406406407
35.160000000000004,6.431431431431432
35.18,6.456456456456457
35.2,6.481481481481482
35.22,6.506506506506507
35.24,6.531531531531532
35.26,6.556556556556557
35.28,6.581581581581582
35.300000000000004,6.606606606606607
35.32,6.631631631631632
35.34,6.656656656656657
35.36,6.681681681681682
35.38,6.706706706706707
35.4,6.731731731731732
35.42,6.756756756756757
35.44,6.781781781781782
35.46,6.806806806806807
35.480000000000004,6.831831831831832
35.5,6.856856856856857
35.52,6.881881881881882
35.54,6.906906906906907
35.56,6.931931931931932
35.58,6.956956956956957
35.6,6.981981981981982
35.62,7.007007007007007
35.64,7.032032032032032
35.660000000000004,7.057057057057057
35.68,7.082082082082082
35.7,7.107107107107107
35.72,7.132132132132132
35.74,7.157157157157157
35.76,7.182182182182182
35.78,7.207207207207207
35.800000000000004,7.232232232232232
35.82,7.257257257257257
35.84,7.282282282282282
35.86,7.307307307307307
35.88,7.332332332332332
35.9,7.357357357357357
35.92,7.382382382382382
35.94,7.407407407407407
35.96,7.4324324324324325
35.980000000000004,7.4574574574574575
36.0,7.482482482482483
36.02,7.507507507507508
36.04,7.532532532532533
36.06,7.557557557557558
36.08,7.582582582582583
36.1,7.6076076076076085
36.12,7.6326326326326335
36.14,7.6576576576576585
36.160000000000004,7.6826826826826835
36.18,7.7077077077077085
36.2,7.7327327327327335
36.22,7.7577577577577586
36.24,7.782782782782784
36.26,7.807807807807809
36.28,7.832832832832834
36.300000000000004,7.857857857857859
36.32,7.882882882882884
36.34,7.907907907907909
36.36,7.932932932932934
36.38,7.957957957957959
36.4,7.982982982982984
36.42,8.008008008008009
36.44,8.033033033033034
36.46,8.058058058058059
36.480000000000004,8.083083083083084
36.5,8.108108108108109
36.52,8.133133133133134
36.54,8.158158158158159
36.56,8.183183183183184
36.58,8.208208208208209
36.6,8.233233233233234
36.62,8.258258258258259
36.64,8.283283283283284
36.660000000000004,8.308308308308309
36.68,8.333333333333334
36.7,8.358358358358359
36.72,8.383383383383384
36.74,8.408408408408409
36.76,8.433433433433434
36.78,8.458458458458459
36.800000000000004,8.483483483483484
36.82,8.508508508508509
36.84,8.533533533533534
36.86,8.558558558558559
36.88,8.583583583583584
36.9,8.608608608608609
36.92,8.633633633633634
36.94,8.65865865865866
36.96,8.683683683683684
36.980000000000004,8.70870870870871
37.0,8.733733733733734
37.02,8.75875875875876
37.04,8.783783783783784
37.06,8.80880880880881
37.08,8.833833833833834
37.1,8.85885885885886
37.12,8.883883883883884
37.14,8.90890890890891
37.160000000000004,8.933933933933934
37.18,8.95895895895896
37.2,8.983983983983984
37.22,9.00900900900901
37.24,9.034034034034034
37.26,9.05905905905906
37.28,9.084084084084084
37.300000000000004,9.10910910910911
37.32,9.134134134134134
37.34,9.15915915915916
37.36,9.184184184184184
37.38,9.20920920920921
37.4,9.234234234234235
37.42,9.25925925925926
37.44,9.284284284284285
37.46,9.30930930930931
37.480000000000004,9.334334334334335
37.5,9.35935935935936
37.52,9.384384384384385
37.54,9.40940940940941
37.56,9.434434434434435
37.58,9.45945945945946
37.6,9.484484484484485
37.62,9.50950950950951
37.64,9.534534534534535
37.660000000000004,9.55955955955956
37.68,9.584584584584585
37.7,9.60960960960961
37.72,9.634634634634635
37.74,9.65965965965966
37.76,9.684684684684685
37.78,9.70970970970971
37.800000000000004,9.734734734734735
37.82,9.75975975975976
37.84,9.784784784784785
37.86,9.80980980980981
37.88,9.834834834834835
37.9,9.85985985985986
37.92,9.884884884884885
37.94,9.90990990990991
37.96,9.934934934934935
37.980000000000004,9.95995995995996
38.0,9.984984984984985
38.02,10.01001001001001
38.04,10.035035035035035
38.06,10.06006006006006
38.08,10.085085085085085
38.1,10.11011011011011
38.12,10.135135135135135
38.14,10.16016016016016
38.160000000000004,10.185185185185185
38.18,10.21021021021021
38.2,10.235235235235235
38.22,10.26026026026026
38.24,10.285285285285285
38.26,10.31031031031031
38.28,10.335335335335335
38.300000000000004,10.36036036036036
38.32,10.385385385385385
38.34,10.41041041041041
38.36,10.435435435435435
38.38,10.46046046046046
38.4,10.485485485485485
38.42,10.51051051051051
38.44,10.535535535535535
38.46,10.56056056056056
38.480000000000004,10.585585585585585
38.5,10.61061061061061
38.52,10.635635635635635
38.54,10.66066066066066
38.56,10.685685685685687
38.58,10.710710710710712
38.6,10.735735735735737
38.62,10.760760760760762
38.64,10.785785785785787
38.660000000000004,10.810810810810812
38.68,10.835835835835837
38.7,10.860860860860862
38.72,10.885885885885887
38.74,10.910910910910912
38.76,10.935935935935937
38.78,10.960960960960962
38.800000000000004,10.985985985985987
38.82,11.011011011011012
38.84,11.036036036036037
38.86,11.061061061061062
38.88,11.086086086086087
38.9,11.111111111111112
38.92,11.136136136136138
38.94,11.161161161161163
38.96,11.186186186186188
38.980000000000004,11.211211211211213
39.0,11.236236236236238
39.02,11.261261261261263
39.04,11.286286286286288
39.06,11.311311311311313
39.08,11.336336336336338
39.1,11.361361361361363
39.12,11.386386386386388
39.14,11.411411411411413
39.160000000000004,11.436436436436438
39.18,11.461461461461463
39.2,11.486486486486488
39.22,11.511511511511513
39.24,11.536536536536538
39.26,11.561561561561563
39.28,11.586586586586588
39.300000000000004,11.611611611611613
39.32,11.636636636636638
39.34,11.661661661661663
39.36,11.686686686686688
39.38,11.711711711711713
39.4,11.736736736736738
39.42,11.761761761761763
39.44,11.786786786786788
39.46,11.811811811811813
39.480000000000004,11.836836836836838
39.5,11.861861861861863
39.52,11.886886886886888
39.54,11.911911911911913
39.56,11.936936936936938
39.58,11.961961961961963
39.6,11.986986986986988
39.62,12.012012012012013
39.64,12.037037037037038
39.660000000000004,12.062062062062063
39.68,12.087087087087088
39.7,12.112112112112113
39.72,12.137137137137138
39.74,12.162162162162163
39.76,12.187187187187188
39.78,12.212212212212213
39.800000000000004,12.237237237237238
39.82,12.262262262262263
39.84,12.287287287287288
39.86,12.312312312312313
39.88,12.337337337337338
39.9,12.362362362362363
39.92,12.387387387387388
39.94,12.412412412412413
39.96,12.437437437437438
39.980000000000004,12.462462462462463
40.0,12.487487487487488
40.02,12.512512512512513
40.04,12.537537537537538
40.06,12.562562562562563
40.08,12.587587587587588
40.1,12.612612612612613
40.12,12.637637637637638
40.14,12.662662662662663
40.160000000000004,12.687687687687689
40.18,12.712712712712714
40.2,12.737737737737739
40.22,12.762762762762764
40.24,12.787787787787789
40.26,12.812812812812814
40.28,12.837837837837839
40.300000000000004,12.862862862862864
40.32,12.887887887887889
40.34,12.912912912912914
40.36,12.937937937937939
40.38,12.962962962962964
40.4,12.987987987987989
40.42,13.013013013013014
40.44,13.038038038038039
40.46,13.063063063063064
40.480000000000004,13.088088088088089
40.5,13.113113113113114
40.52,13.138138138138139
40.54,13.163163163163164
40.56,13.188188188188189
40.58,13.213213213213214
40.6,13.238238238238239
40.62,13.263263263263264
40.64,13.288288288288289
40.660000000000004,13.313313313313314
40.68,13.338338338338339
40.7,13.363363363363364
40.72,13.388388388388389
40.74,13.413413413413414
40.76,13.438438438438439
40.78,13.463463463463464
40.800000000000004,13.488488488488489
40.82,13.513513513513514
40.84,13.538538538538539
40.86,13.563563563563564
40.88,13.588588588588589
40.9,13.613613613613614
40.92,13.63863863863864
40.94,13.663663663663664
40.96,13.68868868868869
40.980000000000004,13.713713713713714
41.0,13.73873873873874
41.02,13.763763763763764
41.04,13.78878878878879
41.06,13.813813813813814
41.08,13.83883883883884
41.1,13.863863863863864
41.12,13.88888888888889
41.14,13.913913913913914
41.160000000000004,13.93893893893894
41.18,13.963963963963964
41.2,13.98898898898899
41.22,14.014014014014014
41.24,14.03903903903904
41.26,14.064064064064064
41.28,14.08908908908909
41.300000000000004,14.114114114114114
41.32,14.13913913913914
41.34,14.164164164164164
41.36,14.18918918918919
41.38,14.214214214214214
41.4,14.23923923923924
41.42,14.264264264264265
41.44,14.28928928928929
41.46,14.314314314314315
41.480000000000004,14.33933933933934
41.5,14.364364364364365
41.52,14.38938938938939
41.54,14.414414414414415
41.56,14.43943943943944
41.58,14.464464464464465
41.6,14.48948948948949
41.62,14.514514514514515
41.64,14.53953953953954
41.660000000000004,14.564564564564565
41.68,14.58958958958959
41.7,14.614614614614615
41.72,14.63963963963964
41.74,14.664664664664665
41.76,14.68968968968969
41.78,14.714714714714715
41.800000000000004,14.73973973973974
41.82,14.764764764764765
41.84,14.78978978978979
41.86,14.814814814814815
41.88,14.83983983983984
41.9,14.864864864864865
41.92,14.88988988988989
41.94,14.914914914914915
41.96,14.93993993993994
41.980000000000004,14.964964964964967
42.0,14.989989989989992
42.02,15.015015015015017
42.04,15.040040040040042
42.06,15.065065065065067
42.08,15.090090090090092
42.1,15.115115115115117
42.12,15.140140140140142
42.14,15.165165165165167
42.160000000000004,15.190190190190192
42.18,15.215215215215217
42.2,15.240240240240242
42.22,15.265265265265267
42.24,15.290290290290292
42.26,15.315315315315317
42.28,15.340340340340342
42.300000000000004,15.365365365365367
42.32,15.390390390390392
42.34,15.415415415415417
42.36,15.440440440440442
42.38,15.465465465465467
42.4,15.490490490490492
42.42,15.515515515515517
42.44,15.540540540540542
42.46,15.565565565565567
42.480000000000004,15.590590590590592
42.5,15.615615615615617
42.52,15.640640640640642
42.54,15.665665665665667
42.56,15.690690690690692
42.58,15.715715715715717
42.6,15.740740740740742
42.62,15.765765765765767
42.64,15.790790790790792
42.660000000000004,15.815815815815817
42.68,15.840840840840842
42.7,15.865865865865867
42.72,15.890890890890892
42.74,15.915915915915917
42.76,15.940940940940942
42.78,15.965965965965967
42.800000000000004,15.990990990990992
42.82,16.016016016016017
42.84,16.04104104104104
42.86,16.066066066066067
42.88,16.09109109109109
42.9,16.116116116116117
42.92,16.14114114114114
42.94,16.166166166166168
42.96,16.19119119119119
42.980000000000004,16.216216216216218
43.0,16.24124124124124
43.02,16.266266266266268
43.04,16.29129129129129
43.06,16.316316316316318
43.08,16.34134134134134
43.1,16.366366366366368
43.12,16.39139139139139
43.14,16.416416416416418
43.160000000000004,16.44144144144144
43.18,16.466466466466468
43.2,16.49149149149149
43.22,16.516516516516518
43.24,16.54154154154154
43.26,16.566566566566568
43.28,16.59159159159159
43.300000000000004,16.616616616616618
43.32,16.64164164164164
43.34,16.666666666666668
43.36,16.69169169169169
43.38,16.716716716716718
43.4,16.74174174174174
43.42,16.766766766766768
43.44,16.79179179179179
43.46,16.816816816816818
43.480000000000004,16.84184184184184
43.5,16.866866866866868
43.52,16.89189189189189
43.54,16.916916916916918
43.56,16.94194194194194
43.58,16.966966966966968
43.6,16.99199199199199
43.62,17.017017017017018
43.64,17.04204204204204
43.660000000000004,17.067067067067068
43.68,17.092092092092095
43.7,17.117117117117118
43.72,17.142142142142145
43.74,17.167167167167168
43.76,17.192192192192195
43.78,17.217217217217218
43.800000000000004,17.242242242242245
43.82,17.26726726726727
43.84,17.292292292292295
43.86,17.31731731731732
43.88,17.342342342342345
43.9,17.36736736736737
43.92,17.392392392392395
43.94,17.41741741741742
43.96,17.442442442442445
43.980000000000004,17.46746746746747
44.0,17.492492492492495
44.02,17.51751751751752
44.04,17.542542542542545
44.06,17.56756756756757
44.08,17.592592592592595
44.1,17.61761761761762
44.12,17.642642642642645
44.14,17.66766766766767
44.160000000000004,17.692692692692695
44.18,17.71771771771772
44.2,17.742742742742745
44.22,17.76776776776777
44.24,17.792792792792795
44.26,17.81781781781782
44.28,17.842842842842845
44.300000000000004,17.86786786786787
44.32,17.892892892892895
44.34,17.91791791791792
44.36,17.942942942942945
44.38,17.96796796796797
44.4,17.992992992992995
44.42,18.01801801801802
44.44,18.043043043043046
44.46,18.06806806806807
44.480000000000004,18.093093093093096
44.5,18.11811811811812
44.52,18.143143143143146
44.54,18.16816816816817
44.56,18.193193193193196
44.58,18.21821821821822
44.6,18.243243243243246
44.62,18.26826826826827
44.64,18.293293293293296
44.660000000000004,18.31831831831832
44.68,18.343343343343346
44.7,18.36836836836837
44.72,18.393393393393396
44.74,18.41841841841842
44.76,18.443443443443446
44.78,18.46846846846847
44.800000000000004,18.493493493493496
44.82,18.51851851851852
44.84,18.543543543543546
44.86,18.56856856856857
44.88,18.593593593593596
44.9,18.61861861861862
44.92,18.643643643643646
44.94,18.66866866866867
44.96,18.693693693693696
44.980000000000004,18.71871871871872
45.0,18.743743743743746
45.02,18.76876876876877
45.04,18.793793793793796
45.06,18.81881881881882
45.08,18.843843843843846
45.1,18.86886886886887
45.12,18.893893893893896
45.14,18.91891891891892
45.160000000000004,18.943943943943946
45.18,18.96896896896897
45.2,18.993993993993996
45.22,19.01901901901902
45.24,19.044044044044046
45.26,19.06906906906907
45.28,19.094094094094096
45.300000000000004,19.11911911911912
45.32,19.144144144144146
45.34,19.16916916916917
45.36,19.194194194194196
45.38,19.21921921921922
45.4,19.244244244244246
45.42,19.26926926926927
45.44,19.294294294294296
45.46,19.31931931931932
45.480000000000004,19.344344344344346
45.5,19.36936936936937
45.52,19.394394394394396
45.54,19.41941941941942
45.56,19.444444444444446
45.58,19.46946946946947
45.6,19.494494494494496
45.62,19.51951951951952
45.64,19.544544544544546
45.660000000000004,19.56956956956957
45.68,19.594594594594597
45.7,19.61961961961962
45.72,19.644644644644647
45.74,19.66966966966967
45.76,19.694694694694697
45.78,19.71971971971972
45.800000000000004,19.744744744744747
45.82,19.76976976976977
45.84,19.794794794794797
45.86,19.81981981981982
45.88,19.844844844844847
45.9,19.86986986986987
45.92,19.894894894894897
45.94,19.91991991991992
45.96,19.944944944944947
45.980000000000004,19.96996996996997
46.0,19.994994994994997
46.02,20.02002002002002
46.04,20.045045045045047
46.06,20.07007007007007
46.08,20.095095095095097
46.1,20.12012012012012
46.12,20.145145145145147
46.14,20.17017017017017
46.160000000000004,20.195195195195197
46.18,20.22022022022022
46.2,20.245245245245247
46.22,20.27027027027027
46.24,20.295295295295297
46.26,20.32032032032032
46.28,20.345345345345347
46.300000000000004,20.37037037037037
46.32,20.395395395395397
46.34,20.42042042042042
46.36,20.445445445445447
46.38,20.47047047047047
46.4,20.495495495495497
46.42,20.52052052052052
46.44,20.545545545545547
46.46,20.57057057057057
46.480000000000004,20.595595595595597
46.5,20.62062062062062
46.52,20.645645645645647
46.54,20.67067067067067
46.56,20.695695695695697
46.58,20.72072072072072
46.6,20.745745745745747
46.62,20.77077077077077
46.64,20.795795795795797
46.660000000000004,20.82082082082082
46.68,20.845845845845847
46.7,20.87087087087087
46.72,20.895895895895897
46.74,20.92092092092092
46.76,20.945945945945947
46.78,20.97097097097097
46.800000000000004,20.995995995995997
46.82,21.02102102102102
46.84,21.046046046046047
46.86,21.07107107107107
46.88,21.096096096096097
46.9,21.12112112112112
46.92,21.146146146146148
46.94,21.17117117117117
46.96,21.196196196196198
46.980000000000004,21.22122122122122
47.0,21.246246246246248
47.02,21.27127127127127
47.04,21.296296296296298
47.06,21.32132132132132
47.08,21.346346346346348
47.1,21.371371371371374
47.12,21.396396396396398
47.14,21.421421421421424
47.160000000000004,21.446446446446448
47.18,21.471471471471475
47.2,21.496496496496498
47.22,21.521521521521525
47.24,21.546546546546548
47.26,21.571571571571575
47.28,21.596596596596598
47.300000000000004,21.621621621621625
47.32,21.646646646646648
47.34,21.671671671671675
47.36,21.696696696696698
47.38,21.721721721721725
47.4,21.746746746746748
47.42,21.771771771771775
47.44,21.796796796796798
47.46,21.821821821821825
47.480000000000004,21.846846846846848
47.5,21.871871871871875
47.52,21.896896896896898
47.54,21.921921921921925
47.56,21.946946946946948
47.58,21.971971971971975
47.6,21.996996996996998
47.62,22.022022022022025
47.64,22.047047047047048
47.660000000000004,22.072072072072075
47.68,22.097097097097098
47.7,22.122122122122125
47.72,22.147147147147148
47.74,22.172172172172175
47.76,22.197197197197198
47.78,22.222222222222225
47.800000000000004,22.24724724724725
47.82,22.272272272272275
47.84,22.2972972972973
47.86,22.322322322322325
47.88,22.34734734734735
47.9,22.372372372372375
47.92,22.3973973973974
47.94,22.422422422422425
47.96,22.44744744744745
47.980000000000004,22.472472472472475
48.0,22.4974974974975
48.02,22.522522522522525
48.04,22.54754754754755
48.06,22.572572572572575
48.08,22.5975975975976
48.1,22.622622622622625
48.120000000000005,22.64764764764765
48.14,22.672672672672675
48.160000000000004,22.6976976976977
48.18,22.722722722722725
48.2,22.74774774774775
48.22,22.772772772772775
48.24,22.7977977977978
48.26,22.822822822822825
48.28,22.84784784784785
48.300000000000004,22.872872872872875
48.32,22.8978978978979
48.34,22.922922922922925
48.36,22.94794794794795
48.38,22.972972972972975
48.4,22.997997997998
48.42,23.023023023023026
48.44,23.04804804804805
48.46,23.073073073073076
48.480000000000004,23.0980980980981
48.5,23.123123123123126
48.52,23.14814814814815
48.54,23.173173173173176
48.56,23.1981981981982
48.58,23.223223223223226
48.6,23.24824824824825
48.620000000000005,23.273273273273276
48.64,23.2982982982983
48.660000000000004,23.323323323323326
48.68,23.34834834834835
48.7,23.373373373373376
48.72,23.3983983983984
48.74,23.423423423423426
48.76,23.44844844844845
48.78,23.473473473473476
48.800000000000004,23.4984984984985
48.82,23.523523523523526
48.84,23.54854854854855
48.86,23.573573573573576
48.88,23.5985985985986
48.9,23.623623623623626
48.92,23.64864864864865
48.94,23.673673673673676
48.96,23.6986986986987
48.980000000000004,23.723723723723726
49.0,23.74874874874875
49.02,23.773773773773776
49.04,23.7987987987988
49.06,23.823823823823826
49.08,23.84884884884885
49.1,23.873873873873876
49.120000000000005,23.8988988988989
49.14,23.923923923923926
49.160000000000004,23.94894894894895
49.18,23.973973973973976
49.2,23.998998998999
49.22,24.024024024024026
49.24,24.04904904904905
49.26,24.074074074074076
49.28,24.0990990990991
49.300000000000004,24.124124124124126
49.32,24.14914914914915
49.34,24.174174174174176
49.36,24.1991991991992
49.38,24.224224224224226
49.4,24.24924924924925
49.42,24.274274274274276
49.44,24.2992992992993
49.46,24.324324324324326
49.480000000000004,24.34934934934935
49.5,24.374374374374376
49.52,24.3993993993994
49.54,24.424424424424426
49.56,24.44944944944945
49.58,24.474474474474476
49.6,24.4994994994995
49.620000000000005,24.524524524524526
49.64,24.54954954954955
49.660000000000004,24.574574574574577
49.68,24.5995995995996
49.7,24.624624624624627
49.72,24.64964964964965
49.74,24.674674674674677
49.76,24.6996996996997
49.78,24.724724724724727
49.800000000000004,24.74974974974975
49.82,24.774774774774777
49.84,24.7997997997998
49.86,24.824824824824827
49.88,24.84984984984985
49.9,24.874874874874877
49.92,24.8998998998999
49.94,24.924924924924927
49.96,24.94994994994995
49.980000000000004,24.974974974974977
50.0,25.0
50.02,25.0
50.04,25.0
50.06,25.0
50.08,25.0
50.1,25.0
50.120000000000005,25.0
50.14,25.0
50.160000000000004,25.0
50.18,25.0
50.2,25.0
50.22,25.0
50.24,25.0
50.26,25.0
50.28,25.0
50.300000000000004,25.0
50.32,25.0
50.34,25.0
50.36,25.0
50.38,25.0
50.4,25.0
50.42,25.0
50.44,25.0
50.46,25.0
50.480000000000004,25.0
50.5,25.0
50.52,25.0
50.54,25.0
50.56,25.0
50.58,25.0
50.6,25.0
50.620000000000005,25.0
50.64,25.0
50.660000000000004,25.0
50.68,25.0
50.7,25.0
50.72,25.0
50.74,25.0
50.76,25.0
50.78,25.0
50.800000000000004,25.0
50.82,25.0
50.84,25.0
50.86,25.0
50.88,25.0
50.9,25.0
50.92,25.0
50.94,25.0
50.96,25.0
50.980000000000004,25.0
51.0,25.0
51.02,25.0
51.04,25.0
51.06,25.0
51.08,25.0
51.1,25.0
51.120000000000005,25.0
51.14,25.0
51.160000000000004,25.0
51.18,25.0
51.2,25.0
51.22,25.0
51.24,25.0
51.26,25.0
51.28,25.0
51.300000000000004,25.0
51.32,25.0
51.34,25.0
51.36,25.0
51.38,25.0
51.4,25.0
51.42,25.0
51.44,25.0
51.46,25.0
51.480000000000004,25.0
51.5,25.0
51.52,25.0
51.54,25.0
51.56,25.0
51.58,25.0
51.6,25.0
51.620000000000005,25.0
51.64,25.0
51.660000000000004,25.0
51.68,25.0
51.7,25.0
51.72,25.0
51.74,25.0
51.76,25.0
51.78,25.0
51.800000000000004,25.0
51.82,25.0
51.84,25.0
51.86,25.0
51.88,25.0
51.9,25.0
51.92,25.0
51.94,25.0
51.96,25.0
51.980000000000004,25.0
52.0,25.0
52.02,25.0
52.04,25.0
52.06,25.0
52.08,25.0
52.1,25.0
52.120000000000005,25.0
52.14,25.0
52.160000000000004,25.0
52.18,25.0
52.2,25.0
52.22,25.0
52.24,25.0
52.26,25.0
52.28,25.0
52.300000000000004,25.0
52.32,25.0
52.34,25.0
52.36,25.0
52.38,25.0
52.4,25.0
52.42,25.0
52.44,25.0
52.46,25.0
52.480000000000004,25.0
52.5,25.0
52.52,25.0